,AE,CNN,HBOS,IFOREST,IFOREST1,LOF,LSTM,MP,NORMA,OCSVM,PCA,POLY
Genesis/genesis-anomalies.test.csv@1.out,0.1000061929941534,0.014003937058751366,0.0032793680222266124,0.29389139604596515,0.2956689592139945,0.0033452790130059917,0.00455390040499604,0.0018948657671312918,0.0017317899013483563,0.1408922542141245,0.17963072523699142,0.3616676929910833
Genesis/genesis-anomalies.test.csv@13.out,0.016118253289042053,0.006743802782081169,0.005614767563424857,0.004612534273982919,0.0015414020593131513,0.0015414020593131513,0.0090739057217205,0.0015414020593131513,0.005873620290638549,0.0018595656054745612,0.00561446993275104,0.005628242462684757
Genesis/genesis-anomalies.test.csv@6.out,0.006230461567947112,0.002079002079002079,0.005494421160743062,0.005206255304978808,0.0015414020593131513,0.008165011698804394,0.0015414020593131513,0.0015414020593131513,0.015272282005073723,0.006427692871945898,0.005494421160743062,0.006567378427838735
Genesis/genesis-anomalies.test.csv@3.out,0.0019294998842153026,0.024841051996137543,0.0023687714429037063,0.002511787268389287,0.21629713284158877,0.0015414020593131513,0.011577924088766026,0.035062725463761,0.22389681820131785,0.0019950857627891033,0.11431065084164643,0.4866375229040289
Genesis/genesis-anomalies.test.csv@17.out,0.0027949511630819615,0.0017713690884980362,0.004576578769806422,0.0032417416937053816,0.5031839021905247,0.5015414020593132,0.0015414020593131513,0.0015414020593131513,0.012724074782652651,0.013536822599166639,0.0045729372642040605,0.0031335768202895168
Genesis/genesis-anomalies.test.csv@5.out,0.03547807490983569,0.006559704549748848,0.002548986996091886,0.1096861231881199,0.1865336107042057,0.004380947501130202,0.005960504150577827,0.0017626752570812651,0.0016683724172786483,0.08514301028243264,0.1438105737296866,0.08961354660834672
