Combine Method,k=1,k=3,k=5,k=7
average,0.44425878859710305,0.575290927617128,0.62986071290229,0.6501170685963565
to_vote,0.5103776291569104,0.6207636615803496,0.6559734467605,0.6767398386448082
